{
  "initialization_time_control": 0.16027450561523438,
  "execution_time_control": 104.16251134872437,
  "total_time": 104.3227858543396
}