{
  "initialization_time_control": 0.15571069717407227,
  "execution_time_control": 120.55805730819702,
  "total_time": 120.7137680053711
}