{
  "initialization_time_control": 0.14961695671081543,
  "execution_time_control": 343.23358941078186,
  "total_time": 343.3832063674927
}