{
  "initialization_time_control": 0.135756254196167,
  "execution_time_control": 87.50952434539795,
  "total_time": 87.64528059959412
}