{
  "initialization_time_control": 0.1488358974456787,
  "execution_time_control": 171.66778445243835,
  "total_time": 171.81662034988403
}