{
  "initialization_time_control": 0.1511838436126709,
  "execution_time_control": 89.6220293045044,
  "total_time": 89.77321314811707
}