{
  "initialization_time_control": 0.15264344215393066,
  "execution_time_control": 122.24380612373352,
  "total_time": 122.39644956588745
}