{
  "initialization_time_control": 0.1491844654083252,
  "execution_time_control": 102.24463868141174,
  "total_time": 102.39382314682007
}