{
  "initialization_time_control": 0.11296463012695312,
  "execution_time_control": 103.8193428516388,
  "total_time": 103.93230748176575
}