{
  "initialization_time_control": 0.1488628387451172,
  "execution_time_control": 47.49026846885681,
  "total_time": 47.63913130760193
}