{
  "initialization_time_control": 0.11406636238098145,
  "execution_time_control": 111.74853754043579,
  "total_time": 111.86260390281677
}