{
  "initialization_time_control": 0.15355658531188965,
  "execution_time_control": 198.52596831321716,
  "total_time": 198.67952489852905
}