{
  "initialization_time_control": 0.1488049030303955,
  "execution_time_control": 108.13938426971436,
  "total_time": 108.28818917274475
}