{
  "initialization_time_control": 0.10906481742858887,
  "execution_time_control": 47.05304551124573,
  "total_time": 47.162110328674316
}