{
  "initialization_time_control": 0.14879775047302246,
  "execution_time_control": 153.5556445121765,
  "total_time": 153.70444226264954
}