{
  "initialization_time_control": 0.11813020706176758,
  "execution_time_control": 198.01553297042847,
  "total_time": 198.13366317749023
}