{
  "initialization_time_control": 0.16327452659606934,
  "execution_time_control": 123.89997005462646,
  "total_time": 124.06324458122253
}