{
  "initialization_time_control": 0.1498415470123291,
  "execution_time_control": 97.77860808372498,
  "total_time": 97.9284496307373
}