{
  "initialization_time_planning": 0.17057037353515625,
  "execution_time_planning": 47.213210582733154,
  "total_time": 47.38378095626831
}