{
  "initialization_time_planning": 0.12443780899047852,
  "execution_time_planning": 41.0085346698761,
  "total_time": 41.13297247886658
}