{
  "initialization_time_control": 0.1533513069152832,
  "execution_time_control": 85.01904940605164,
  "total_time": 85.17240071296692
}