{
  "initialization_time_control": 0.11317181587219238,
  "execution_time_control": 191.36131048202515,
  "total_time": 191.47448229789734
}