{
  "initialization_time_control": 0.11099934577941895,
  "execution_time_control": 88.94169998168945,
  "total_time": 89.05269932746887
}