{
  "initialization_time_control": 0.10715603828430176,
  "execution_time_control": 105.00719857215881,
  "total_time": 105.11435461044312
}