{
  "initialization_time_control": 0.10531377792358398,
  "execution_time_control": 141.47992181777954,
  "total_time": 141.58523559570312
}