{
  "initialization_time_control": 0.11742472648620605,
  "execution_time_control": 131.45379996299744,
  "total_time": 131.57122468948364
}