{
  "initialization_time_planning": 0.16910314559936523,
  "execution_time_planning": 49.776668071746826,
  "total_time": 49.94577121734619
}