{
  "initialization_time_planning": 0.1681523323059082,
  "execution_time_planning": 42.11055088043213,
  "total_time": 42.27870321273804
}